scenario,attack,defence,intensity,seed,accuracy,precision,recall,f1,fnr,fpr,auc,tn,fp,fn,tp
baseline,,,0.0,42,0.9949456659085165,0.9984740590030519,0.9914141414141414,0.994931576279777,0.008585858585858586,0.0015174506828528073,0.9989165810865356,1974,3,17,1963
attacked,BOOTLFA,,0.3,42,0.9914076320444781,0.9959225280326198,0.9868686868686869,0.9913749365804161,0.013131313131313131,0.004046535154274153,0.9970616636777486,1969,8,26,1954
defended,BOOTLFA,BOOTKCD,0.3,42,0.9898913318170331,0.9923857868020305,0.9873737373737373,0.989873417721519,0.012626262626262626,0.007587253414264037,0.9956167645090255,1962,15,25,1955
attacked,BOOTLFA,,0.4,42,0.9818043972706596,1.0,0.9636363636363636,0.9814814814814815,0.03636363636363636,0.0,0.9899283681529508,1977,0,72,1908
defended,BOOTLFA,BOOTKCD,0.4,42,0.9638615112458934,0.9989136338946225,0.9287878787878788,0.9625752420832243,0.07121212121212121,0.0010116337885685382,0.9873389943951401,1975,2,141,1839
attacked,BOOTLFA,,0.5,42,0.4200151630022744,0.4424552429667519,0.6116161616161616,0.5134619461522154,0.3883838383838384,0.7718765806777946,0.5018508299995401,451,1526,769,1211
defended,BOOTLFA,BOOTKCD,0.5,42,0.9287338893100834,0.9398963730569948,0.9161616161616162,0.9278772378516624,0.08383838383838384,0.05867475973697522,0.9717240692202755,1861,116,166,1814
attacked,BAGLFA,,0.3,42,0.9843315643164013,1.0,0.9686868686868687,0.9840944073884044,0.031313131313131314,0.0,0.9930230478788901,1977,0,62,1918
defended,BAGLFA,BAGKCD,0.3,42,0.9805408137477887,0.9968668407310705,0.9641414141414142,0.9802310654685494,0.03585858585858586,0.0030349013657056147,0.9945938903450284,1971,6,71,1909
attacked,BAGLFA,,0.4,42,0.9825625473843821,0.9994772608468374,0.9656565656565657,0.982275879784228,0.03434343434343434,0.0005058168942842691,0.987046744633998,1976,1,68,1912
defended,BAGLFA,BAGKCD,0.4,42,0.9689158453373768,0.9749360613810741,0.9626262626262626,0.9687420584498094,0.03737373737373737,0.024785027819929185,0.9881115147427743,1928,49,74,1906
attacked,BAGLFA,,0.5,42,0.629011877685115,1.0,0.2585858585858586,0.4109149277688604,0.7414141414141414,0.0,0.37931055624530585,1977,0,1468,512
defended,BAGLFA,BAGKCD,0.5,42,0.8627748294162244,0.8605117912694431,0.8661616161616161,0.8633274603574126,0.13383838383838384,0.1406170966110268,0.9506381467686476,1699,278,265,1715
baseline,,,0.0,43,0.9939378630967416,0.9979633401221996,0.98989898989899,0.9939148073022313,0.010101010101010102,0.00202122283981809,0.9990514033717672,1975,4,20,1960
attacked,BOOTLFA,,0.3,43,0.9866127810053044,0.9969056214543579,0.9762626262626263,0.9864761418729268,0.023737373737373738,0.003031834259727135,0.9952156736643851,1973,6,47,1933
defended,BOOTLFA,BOOTKCD,0.3,43,0.9800454660267744,0.9984268484530676,0.9616161616161616,0.9796758425520967,0.03838383838383838,0.0015159171298635675,0.9931334568525069,1976,3,76,1904
attacked,BOOTLFA,,0.4,43,0.9780247537256883,1.0,0.956060606060606,0.9775367931835787,0.04393939393939394,0.0,0.9716916512267699,1979,0,87,1893
defended,BOOTLFA,BOOTKCD,0.4,43,0.9744885071987875,0.9963021658742737,0.9525252525252526,0.9739220242705914,0.047474747474747475,0.0035371399696816574,0.9875133344562349,1972,7,94,1886
attacked,BOOTLFA,,0.5,43,0.6984086890628947,0.65244375484872,0.8494949494949495,0.7380430013163669,0.1505050505050505,0.45275391611925214,0.8434634367934014,1083,896,298,1682
defended,BOOTLFA,BOOTKCD,0.5,43,0.8552664814347057,0.91651865008881,0.7818181818181819,0.8438266557645134,0.21818181818181817,0.07124810510358767,0.9621594928568148,1838,141,432,1548
attacked,BAGLFA,,0.3,43,0.9790351098762313,1.0,0.9580808080808081,0.9785916946092339,0.04191919191919192,0.0,0.9962630345904727,1979,0,83,1897
defended,BAGLFA,BAGKCD,0.3,43,0.9802980550644103,1.0,0.9606060606060606,0.9799072642967543,0.03939393939393939,0.0,0.9932633561486518,1979,0,78,1902
attacked,BAGLFA,,0.4,43,0.9782773427633241,0.9876416065911432,0.9686868686868687,0.9780724120346762,0.031313131313131314,0.01212733703890854,0.9905237315040246,1955,24,62,1918
defended,BAGLFA,BAGKCD,0.4,43,0.9757514523869664,0.9994697773064687,0.952020202020202,0.975168132436627,0.047979797979797977,0.0005053057099545225,0.9887311722582061,1978,1,95,1885
attacked,BAGLFA,,0.5,43,0.2904773932811316,0.3338677354709419,0.4207070707070707,0.3722905027932961,0.5792929292929293,0.8398180899444164,0.3873734821688334,317,1662,1147,833
defended,BAGLFA,BAGKCD,0.5,43,0.8095478656226319,0.8089717741935484,0.8106060606060606,0.8097880928355196,0.1893939393939394,0.19151086407276402,0.9299745815915599,1600,379,375,1605
baseline,,,0.0,44,0.9946956302096489,1.0,0.9893832153690597,0.9946632782719188,0.010616784630940344,0.0,0.9989350293919638,1981,0,21,1957
attacked,BOOTLFA,,0.3,44,0.9853498358171255,1.0,0.9706774519716885,0.9851205746536685,0.029322548028311426,0.0,0.9895733431195957,1981,0,58,1920
defended,BOOTLFA,BOOTKCD,0.3,44,0.9856024248547613,0.999479979199168,0.9716885743174924,0.9853883619584721,0.028311425682507583,0.0005047955577990914,0.9941856637040765,1980,1,56,1922
attacked,BOOTLFA,,0.4,44,0.977266986612781,1.0,0.9544994944388271,0.9767201241593378,0.0455005055611729,0.0,0.9851417076993828,1981,0,90,1888
defended,BOOTLFA,BOOTKCD,0.4,44,0.9515029047739328,0.9917400881057269,0.91051567239636,0.9493937796520823,0.08948432760364004,0.00757193336698637,0.9836375292273566,1966,15,177,1801
attacked,BOOTLFA,,0.5,44,0.67542308663804,1.0,0.35035389282103135,0.5189067764882066,0.6496461071789686,0.0,0.660768452982811,1981,0,1285,693
defended,BOOTLFA,BOOTKCD,0.5,44,0.8805253851982824,0.9845460399227302,0.7730030333670375,0.8660436137071651,0.2269969666329626,0.012115093387178193,0.954004907082399,1957,24,449,1529
attacked,BAGLFA,,0.3,44,0.9861076029300329,1.0,0.9721941354903944,0.9859010510125609,0.027805864509605663,0.0,0.9969204408513844,1981,0,55,1923
defended,BAGLFA,BAGKCD,0.3,44,0.9818135892902248,1.0,0.9635995955510617,0.9814624098867147,0.03640040444893832,0.0,0.9928430300187474,1981,0,72,1906
attacked,BAGLFA,,0.4,44,0.9732255620106087,1.0,0.9464105156723963,0.9724675324675325,0.05358948432760364,0.0,0.9907789317015183,1981,0,106,1872
defended,BAGLFA,BAGKCD,0.4,44,0.9694367264460723,0.99892530897367,0.9398382204246714,0.9684813753581661,0.06016177957532862,0.0010095911155981827,0.9911961919325606,1979,2,119,1859
attacked,BAGLFA,,0.5,44,0.35817125536751704,0.41718152397764047,0.7168857431749242,0.5274316533382927,0.28311425682507585,1.0,0.3822042467138524,0,1981,560,1418
defended,BAGLFA,BAGKCD,0.5,44,0.8812831523111897,0.9308571428571428,0.8235591506572295,0.8739270386266094,0.17644084934277046,0.06108026249369006,0.9419485108531045,1860,121,349,1629
